"Timestamp","Name","Team","Position","Instagram Profile Link","LinkedIn Profile Link","Github Profile Link","Profile pic"
"2023/06/07 12:22:55 PM GMT+5:30","Princy Sondarva","Web d","Member ","Princy sondarva","Princy Sondarva","Princy","https://drive.google.com/u/1/open?usp=forms_web&id=1fIhTVdG6NYDUj09ht30hkDJb4Vef53k3"
"2023/06/07 12:46:51 PM GMT+5:30","Rishit Mehrotra","Outreach Team, Social Media and Content Team","Outreach Associate, Content Writer","https://instagram.com/rishit_mehrotra_?igshid=ZDc4ODBmNjlmNQ==","https://www.linkedin.com/in/rishit-mehrotra-637488250","github.com/mehrotrarishit","https://drive.google.com/u/1/open?usp=forms_web&id=1rUWhaTaDEJp9pb4oBBtYYVuSjT0pCjcc"
"2023/06/07 12:58:24 PM GMT+5:30","Kanika Upadhyay","Content,marketing","Member","https://instagram.com/not_kanika_upadhyay?igshid=MzNlNGNkZWQ4Mg==","https://www.linkedin.com/in/kanika-upadhyay-92208025b","https://github.com/KANIKAAAAA","https://drive.google.com/u/1/open?usp=forms_web&id=1B7NS2AsLykZaXYYeH1LzAopvCTMRfeYY"
"2023/06/07 2:20:34 PM GMT+5:30","Raina Tathed ","Pitching Competition ","Volunteer","https://instagram.com/raina_tathed?igshid=ZDc4ODBmNjlmNQ==","https://www.linkedin.com/in/raina-tathed-5650a025b","www.github.com/Raina-310304","https://drive.google.com/u/1/open?usp=forms_web&id=1N7u7y_OlGeHbBKPcRhebNydfl220cWtN"
"2023/06/07 2:49:10 PM GMT+5:30","Arunaditya Dash","Marketing","Member","https://www.instagram.com/arunaditya.dash/","https://www.linkedin.com/in/arunaditya-dash/","https://github.com/arunadityadash","https://drive.google.com/u/1/open?usp=forms_web&id=1Fd3wXXxEjF_SaACUJM5Phl4UhBSdEZBp"
"2023/06/07 2:51:16 PM GMT+5:30","Poojashree Mishra ","Marketing ","Marketing coordinator ","https://instagram.com/_poojashree_09?igshid=MzRlODBiNWFlZA==","linkedin.com/in/poojashree-mishra-495002254","https://github.com/Poojashree27","https://drive.google.com/u/1/open?usp=forms_web&id=12D-KuBooaFZnW5dB-FSl9NwiB0XRD_sP"
"2023/06/07 5:08:56 PM GMT+5:30","Satvik Desai","Outreach","Member","https://www.instagram.com/satvik_3184/","https://www.linkedin.com/in/satvik-desai-b77a2524b/","https://github.com/SATTU3108","https://drive.google.com/u/1/open?usp=forms_web&id=13QwKpR4bjDXtjIe5ety-bCGxkSzRBqvD"
"2023/06/07 6:07:51 PM GMT+5:30","Tejas Chaudhari","Creatives, Videography","Member","https://www.instagram.com/tejas.chaudhari22/","https://www.linkedin.com/in/tejas-chaudhari-650543250/","https://github.com/tejasopp","https://drive.google.com/u/1/open?usp=forms_web&id=1JFuYNBNL0HfxGQrXH6BoA6RI8S0jn9Ls"
"2023/06/07 6:52:24 PM GMT+5:30","Madhav Rathore","Outreach","Member","https://instagram.com/mady._.663?igshid=MjEwN2IyYWYwYw==","https://www.linkedin.com/in/madhav-rathore-8a42bb253","https://github.com/Madhav1234569","https://drive.google.com/u/1/open?usp=forms_web&id=1WFtI3-QYkd3CDGc_NxbyajmQqgzWZcDD"
"2023/06/07 7:29:09 PM GMT+5:30","Pooja Patel ","Outreach ","Volunteer ","https://instagram.com/ppatel_in07?igshid=ZDc4ODBmNjlmNQ==","https://www.linkedin.com/in/pooja-patel-89351a25a","https://github.com/protista009","https://drive.google.com/u/1/open?usp=forms_web&id=1bihKBh0pHXxbr-3AyMrvqfy7DDehW_AT"
"2023/06/07 7:48:45 PM GMT+5:30","Harshita Bankure","Marketing","Member","https://www.instagram.com/harshita_bankure/","https://www.linkedin.com/in/harshita-bankure-37508525b/","https://github.com/harshitab04","https://drive.google.com/u/1/open?usp=forms_web&id=1V7MZcMaO7htutg18r4c08Rzr7hy83DHH"
"2023/06/07 8:35:42 PM GMT+5:30","Shreya Itlod ","Marketing ","Marketing member ","https://instagram.com/__shri03?igshid=MzNlNGNkZWQ4Mg==","https://www.linkedin.com/in/shreya-itlod-40b02825b","https://github.com/i-shri","https://drive.google.com/u/1/open?usp=forms_web&id=1qb6FMtSZ0Ln57FC_9zQSu4T3Zua-Ov0l"